x1,x2,x3,label
372.5337294613938,15.816315136844523,955.6906541676904,1344.0406987659287
180.14872260767092,391.73981168146156,901.2893955253834,1473.177929814516
895.3541394407796,983.068646938044,65.81083257114004,1944.2336189499638
502.7337649814474,888.8674165443657,811.1527901881676,2202.7539717139807
577.229275800724,32.587832864956425,300.5361273757387,910.3532360414192
210.0963859551582,197.35033568652395,54.317723084199,461.76444472588116
640.0957434941821,223.211233386894,249.7783901928777,1113.0853670739539
415.4279577556029,360.8706237703744,622.5690498351559,1398.8676313611331
486.0645512136191,241.834858934398,872.6185754766411,1600.5179856246582
978.4968293137921,499.67992374148986,38.402767252234426,1516.5795203075165
867.5517182245208,925.6744984454194,307.9057701382634,2101.1319868082037
120.73578613740311,495.445588216708,605.4289672593964,1221.6103416135074
84.10699755279535,240.94798450278765,859.2801201084484,1184.3351021640315
820.2551020163633,12.309849012076274,154.9564118753556,987.5213629037951
423.4826623217665,158.73058754464668,916.3259562210902,1498.5392060875033
836.3851365075698,591.2065638462564,890.7090342966977,2318.3007346505237
753.1935950687878,807.5855844649649,909.2918067896298,2470.0709863233824
868.2893913299044,605.5397516354367,382.4105833856922,1856.2397263510334
150.49907462333132,471.58900798184874,181.28759945087222,803.3756820560523
274.96247402793637,136.95314672460398,22.782702708902256,434.6983234614426
220.38722703068106,464.66746033404223,696.788696336672,1381.8433837013954
893.3244632267151,923.4123733716334,819.8829885627705,2636.619825161119
696.9302284596309,669.2165261418398,845.5060520217693,2211.65280662324
852.7694383342272,877.0904678696484,773.1998700829704,2503.059776286846
264.18270166173056,869.7045196075488,311.06452887996625,1444.9517501492458
121.2994758993644,752.2008886272233,207.08464858757898,1080.5850131141667
336.96230453702,132.41427631431083,862.2574814857143,1331.6340623370452
229.03223854493098,10.860395020115513,23.357568668493457,263.25020223353994
315.3500063853362,541.5226520294416,675.5211144829252,1532.393772897703
865.3251853318559,842.3364073758343,714.7726278675178,2422.4342205752077
468.36048771154935,683.4312970829924,693.0819626238012,1844.873747418343
724.0768532424336,272.5485972594181,746.4549670396996,1743.0804175415512
885.4694935956368,369.1876491754482,85.68884637706417,1340.3459891481493
912.6540619237207,12.669206216964048,588.9639933593038,1514.2872614999887
962.7468887961394,453.4800101015901,455.26022394377094,1871.4871228415004
739.4214104055885,791.9924959129332,799.5681070743693,2330.982013392891
394.34666612372007,364.9568108840127,723.4779958904884,1482.7814728982212
355.72648675364053,532.2772466129103,780.52700971517,1668.5307430817209
879.872430227568,810.746377997466,452.9729720270273,2143.591780252061
645.4697943769444,872.6112996673783,3.488146704453093,1521.5692407487757
499.23246384131363,265.28087550168175,876.2731098875183,1640.7864492305137
177.55402717599463,507.53535988852474,162.77531050050433,847.8646975650237
488.7469130456134,104.84592008490159,286.1286389863572,879.7214721168721
649.963849518837,251.8449100095588,930.3615030528799,1832.170262581276
233.87058802257607,721.6626213668997,2.5307598224107988,958.0639692118865
480.4930949122746,504.8783907245376,762.1485211314048,1747.520006768217
898.276354290067,253.78778084536563,258.2882878182968,1410.3524229537295
905.7130311340901,675.6908272705007,741.2200933591769,2322.6239517637678
998.8941590713728,466.3156723677043,107.97055843440745,1573.1803898734845
514.5006494316528,125.34736184443787,553.858025529313,1193.7060368054035
659.5088734489078,592.939345047344,663.6759176874065,1916.1241361836583
544.2006379320796,371.2834450284036,442.05942856609437,1357.5435115265775
974.9262806809282,299.8985495691684,694.35365136106,1969.1784816111565
947.7183407106608,927.7233210566403,97.14175667422138,1972.5834184415223
41.389917459170874,62.37728507464196,455.41854708820756,559.1857496220204
83.45766711394783,883.2952859611481,335.63566979539786,1302.388622870494
193.79862986338892,360.00616228087137,921.5331286809208,1475.337920825181
39.141404387827635,294.367318302149,685.5156959521852,1019.0244186421618
502.247773675814,179.64920413317338,311.8743773925321,993.7713552015196
494.0484006290305,673.4454053218741,139.62801400545482,1307.1218199563593
851.5280252721451,197.7788001367589,610.8913848852771,1660.198210294181
762.5095150101324,861.5474482644837,891.4579757116334,2515.5149389862495
219.09671740575396,496.8490132001431,690.7857128420682,1406.7314434479654
591.6557752832724,601.8749858405091,701.0138802671864,1894.544641390968
437.4238904864322,784.5846998042111,446.9170361918987,1668.925626482542
627.7716585168434,936.9798827581712,689.8532857279506,2254.604827002965
415.7473598219571,885.883218264952,139.76021039915324,1441.3907884860623
370.49074331317996,739.093669312695,233.58245761610152,1343.1668702419765
480.7822624784523,88.02721045631894,91.3407444301368,660.150217364908
913.3706751145535,122.5001941073024,63.78872797179278,1099.6595971936486
589.666413518277,88.3505339263341,272.3472655250498,950.3642129696609
824.3169270151732,44.46265180725074,967.5399221262112,1836.319500948635
342.27320869350353,944.8506302360421,713.8469502371456,2000.9707891666912
572.8095267450044,488.4520853452425,645.1123653271737,1706.3739774174205
106.35643663733697,112.62740970283888,745.1489497256392,964.132796065815
258.50639966492304,635.2930860402226,21.78109621790693,915.5805819230526
510.31712540056617,689.266774503193,219.09867971932727,1418.6825796230864
541.6077568164385,84.49480571153106,583.9931794670382,1210.0957419950078
289.05719692326625,29.805219299152157,293.92268304566613,612.7850992680845
920.1900892110107,614.3246988970394,827.0165514400093,2361.5313395480593
88.84546719102762,891.5342953430727,128.67834998536563,1109.058112519466
297.38081065700237,243.15267772235623,943.2261351142552,1483.7596234936136
284.53433405886415,93.581241238129,69.32708838282878,447.4426636798219
947.8680890553325,833.1463154134431,129.28381879269307,1910.2982232614686
704.1616749974205,898.4389542688965,957.2099340683893,2559.8105633347063
438.0054747376307,599.1188324861351,31.926284257629135,1069.0505914813948
538.3834204308167,711.596324002557,562.4108441232831,1812.390588556657
141.62539289006705,910.5238289277838,67.67609180148872,1119.8253136193398
348.43651398239336,342.8061113774273,402.44834376289634,1093.690969122717
179.2501372932465,542.769590273317,942.4714819855835,1664.491209552147
40.02850692485048,547.2037734877315,429.1901407371846,1016.4224211497666
945.6304642480899,519.3101687146984,209.1785060561025,1674.1191390188906
688.2512556253114,633.5743373849551,241.7269812868,1563.5525742970665
942.0209503840068,268.18625959573296,364.96552323544796,1575.1727332151877
93.16587064187777,840.5065694087566,392.57559715638007,1326.2480372070145
425.54288579497825,709.8580005710041,800.0644558556505,1935.465342221633
620.7323759770132,73.76388903073554,790.2180846300978,1484.7143496378467
692.2593029898334,687.2130681288435,863.6127201851483,2243.0850913038253
566.3615951720282,713.5679703124963,190.74224926576792,1470.6718147502925
780.0896669875486,655.0337446655267,442.9743713486238,1878.097783001699
59.91276243169047,853.3109470541007,882.6025180352184,1795.8262275210095
593.8941494772291,563.6706664257339,384.6088311791415,1542.1736470821043
208.97195689706788,763.1469832456337,142.24095635826376,1114.3598965009653
385.3323910196629,995.8510306207115,153.79275298332104,1534.9761746236954
296.54538032901667,816.4225374027179,985.2737466137336,2098.241664345468
348.75577937814165,848.7078729797796,33.638472047736194,1231.1021244056576
315.1898023279163,56.290051395031,51.06636767434461,422.54622139729196
689.0351033748698,725.9179943563904,867.4336921601296,2282.3867898913895
253.0841735735905,40.28773188339844,616.5849054940408,909.9568109510296
364.44800331966076,184.57808724207473,824.6818120781131,1373.7079026398487
392.9042921448827,623.9244526677712,803.3461908659738,1820.1749356786277
888.9394721156888,527.9686187047517,439.84391108057986,1856.7520019010203
764.6140854023226,689.2508054294783,884.9835435409444,2338.8484343727455
683.2606411235009,735.3824031843266,289.69093696728066,1708.3339812751083
424.0923136685035,902.832655879849,251.3922613425529,1578.3172308909054
271.871919043948,899.6251392098043,392.84806468849547,1564.3451229422478
46.38324297284534,106.92303060588077,222.03929457527357,375.3455681539997
222.17424369142392,111.08643331629322,65.7763031685546,399.03698017627175
358.67171475131676,351.15221514890715,817.7699719197002,1527.5939018199242
490.2994603106155,278.7377293225633,484.6948179585414,1253.73200759172
155.41349557859073,174.37983835708783,877.0961569654422,1206.8894909011208
604.4353098622792,91.85337968007285,483.335792298853,1179.6244818412051
828.2656869866306,451.4953877318513,581.7620599806426,1861.5231346991245
948.7803550316113,583.6925594969507,839.8922931192994,2372.365207647861
361.05907574415085,106.31576256294338,507.6062026355445,974.9810409426387
323.75758389860636,216.96011040155716,284.54946083186934,825.2671551320329
773.5476384911319,637.0014301552301,525.7201778789888,1936.2692465253508
746.1704274144676,807.897178368979,440.2539420771507,1994.3215478605973
421.33754709080597,511.053316583675,138.18945117326507,1070.580314847746
270.743532955473,865.9197037876409,221.33293463503475,1357.9961713781486
474.6388406541634,644.3629739706162,227.45466693071424,1346.4564815554938
105.87630288499415,648.2144315421197,87.41956602323279,841.5103004503467
445.03065517638527,912.3107048956741,109.79493220324427,1467.1362922753037
235.22167639131428,989.1808497227105,598.9573451461841,1823.3598712602088
596.0182898649699,549.0783148585422,12.168728191937069,1157.265332915449
320.6556602371996,305.55857425670246,217.61746156745716,843.8316960613593
830.5705416099999,654.7005616479457,678.8634125517514,2164.134515809697
609.446843194589,242.85122581698187,493.9917907412303,1346.289859752801
97.60293534949118,404.19687851672353,649.186289691327,1150.9861035575418
613.6474964765814,86.04559170637346,736.1347831120878,1435.8278712950428
233.08888209707106,131.34839786064873,986.4973601711396,1350.9346401288594
990.3131489105737,872.155573387413,291.55500900547577,2154.0237313034622
716.1805733485606,72.22237204378087,438.76360751537663,1227.1665529077181
308.44262904338166,867.0889504343355,274.80252753939396,1450.334107017111
318.2004104480916,514.3232705497018,301.59320404740737,1134.1168850452007
315.8757246407798,123.33211327409028,809.335821423197,1248.543659338067
446.60639916434377,37.35207721942356,139.29454445041725,623.2530208341846
240.07872087072747,162.66289774686655,405.65545762408976,808.3970762416837
586.8008400422223,276.61603642605195,586.0155543029019,1449.4324307711763
848.2651209423611,533.1726275909764,168.85226850230111,1550.2900170356386
87.52552694851408,459.2575318487167,713.4683330924703,1260.2513918897012
489.6223841089885,597.507668070171,773.8109375260534,1860.9409897052128
666.5122268845529,196.32754735782652,166.88822113077228,1029.7279953731518
863.2488460275495,57.6289058595811,584.0791411098659,1504.9568929969964
306.75839015225216,376.91489797375965,384.24601165867296,1067.9192997846849
9.983524115770344,435.52731690735317,215.0995235864865,660.6103646096101
751.7639918975217,437.49840158331364,125.7118410008343,1314.9742344816696
305.91092368393896,90.38824966937241,661.687089387115,1057.9862627404264
896.8479621550921,748.6228082604557,658.3203927300103,2303.791163145558
284.5117371998303,917.9535179866941,652.3226545885194,1854.7879097750438
210.36572327520454,240.29915275759612,668.8159018415965,1119.480777874397
393.7521454732976,246.95725524908678,57.89837319906274,698.6077739214471
398.269585629492,233.0929984624407,559.4968546415004,1190.859438733433
551.4263004032523,584.6316358751809,579.4671750934014,1715.5251113718346
29.02994082307407,558.2090534957154,480.87709987658786,1068.1160941953772
707.0185020919431,573.8152153853395,578.8672195943903,1859.7009370716728
90.85060227196104,457.0634684895758,513.2092277720616,1061.1232985335985
862.9806775323302,937.1942223073639,336.89533929524964,2137.070239134944
124.69640895364205,529.2040292667654,511.14235268969566,1165.0427909101031
245.78804788687975,489.8022365337985,15.464281553857663,751.0545659745359
857.4252644590713,279.60528627354074,420.0299938358928,1557.0605445685048
937.3328647488106,366.26500128943655,621.7108477544118,1925.3087137926589
938.414631503372,511.3876838559736,975.6924540087944,2425.4947693681397
671.4831924360265,134.98431131905025,313.1434415024161,1119.6109452574929
706.5411277375352,220.0692496626939,116.10037860699845,1042.7107560072277
11.765471023769278,618.8135993481662,897.8034231850203,1528.3824935569558
879.7041023675101,414.1503059995159,792.174682597238,2086.029090964264
626.2084298914763,153.7567094513021,763.7088979463666,1543.674037289145
682.1237795523733,987.729377345526,110.04468913586494,1779.8978460337642
669.0671022391227,995.3877000376572,288.929616974597,1953.384419251377
760.1239776235169,841.1473007592158,520.7902116827285,2122.0614900654614
856.5229481875035,357.0382689495908,705.0746332426307,1918.635850379725
898.1848586170768,628.7543954296343,173.79756222564694,1700.736816272358
230.7553070323205,319.7031319574026,622.1967623333422,1172.6552013230653
523.3657740592106,581.0448192788957,885.6982016824223,1990.1087950205288
951.4743460289176,604.9032370401269,679.2169245925428,2235.594507661587
144.37417133709505,742.5939257489475,538.371246358414,1425.3393434444565
896.0422830690328,274.4377883590568,460.411704551483,1630.8917759795727
409.0820037265102,104.48198243370922,548.3025684169324,1061.8665545771519
8.444086174421892,791.2310108222289,405.72322056084806,1205.3983175574988
559.0205305437202,697.1123316290494,146.49702380582698,1402.6298859785966
167.82181066679607,874.948259456346,46.955215188677066,1089.725285311819
407.8902309291817,388.03796887518496,251.7432891295301,1047.6714889338966
303.49858248995645,533.6434722654783,584.0074539620944,1421.149508717529
347.5919731908596,820.6870480386801,171.94124115268593,1340.2202623822257
773.7174164249287,556.1773489463858,540.4294054849568,1870.3241708562712
905.5301818192088,204.04803017241963,210.7043732613313,1320.2825852529597
527.4154598261968,805.9616469788258,422.1981688011278,1755.5752756061504
599.223730584769,861.8989131939811,145.36655537432384,1606.4891991530737
161.1243762444401,846.736341892949,135.07404680571295,1142.934764943102
381.3970779775944,30.686508367258785,524.7457181908231,936.8293045356763
818.1763006318425,558.6907504603804,586.8084082621876,1963.6754593544106
853.2626172272146,673.6741003542671,350.97536060644734,1877.9120781879292
474.5645467592281,606.94228408979,707.7796952247122,1789.2865260737303
709.1153866841338,491.00842434093147,804.6967914548482,2004.8206024799133
350.652139907413,764.0253010256872,698.9473019204036,1813.6247428535037
140.0212816602492,373.7198044875806,524.0166947974246,1037.7577809452544
990.9379368978302,719.1070930538044,199.18563297015223,1909.230662921787
651.6746038353839,974.5419536679992,567.8560047822589,2194.072562285642
805.8918666465684,892.9472781409113,41.0032167435483,1739.842361531028
10.609860301158083,259.3706651734131,812.1840155821264,1082.1645410566975
119.82170168264129,61.94359516061704,720.0879224793773,901.8532193226356
238.40180513604838,620.3736929276272,887.4649969210716,1746.240494984747
896.8896049775716,178.87957473777823,938.5659247855159,2014.3351045008658
181.37036758350766,271.79347198169836,114.33743317410278,567.5012727393088
720.2557024965647,466.34341009898355,958.0165699733868,2144.615682568935
153.10083049009606,614.2894852467017,649.8236720410665,1417.2139877778643
736.8147644667691,58.822368654854,614.6042321057712,1410.2413652273945
814.9614118549914,74.26424951527122,803.1368122373057,1692.3624736075683
539.0447156659675,108.63954917724013,877.8008416565447,1525.4851064997524
55.84731837742938,184.94404312590817,895.8858318568936,1136.677193360231
389.8099311786494,277.13428285777553,255.17580186816602,922.1200159045909
355.14603878209294,391.7639620309891,360.22220433729643,1107.1322051503785
228.47225795028655,554.9109541120309,407.8855769403827,1191.2687890027003
20.713795506601883,293.2574655685393,925.79920586445,1239.7704669395912
986.2017505428806,556.4061892753981,614.8151978926717,2157.4231377109504
955.063111965489,521.688731479193,745.2060788934489,2221.9579223381306
768.0800227643683,851.2056690836586,463.5772945934196,2082.8629864414465
204.3466589211791,299.83756671582626,469.1353258226582,973.3195514596637
54.556196790272665,937.4441277994115,688.2637270821514,1680.2640516718357
209.52045601140517,740.1445048668006,681.7414373263023,1631.4063982045082
160.68005947026762,270.5624594441462,619.4085626693198,1050.6510815837337
49.23658996264774,240.9507086684982,912.8101681113646,1202.9974667425106
550.4996539383494,440.7274122247204,878.847134109081,1870.0742002721508
607.4708696083644,747.2655678823257,755.8436926118442,2110.5801301025344
103.39580977968117,872.0792627454579,934.5053603909158,1909.9804329160547
694.2457392692736,858.8214322087664,570.304262602503,2123.371434080543
20.350840485740747,266.77811972676324,398.8927629198208,686.0217231323248
126.80894341081422,696.8776478774317,275.6977328187909,1099.3843241070367
1.6915983136762738,156.84188814854662,70.2584817337335,228.7919681959564
188.04657640397775,777.1035471686142,971.3083656736937,1936.4584892462858
764.5429284647562,157.7096295985956,82.74824429999504,1005.0008023633468
112.16234120162471,566.1613486416712,884.8953761768362,1563.2190660201322
125.44349337232666,589.1863972441718,157.3106572774572,871.9405478939557
964.7418643420119,819.6551735761876,407.22894133295443,2191.625979251154
356.1974610875458,452.0583090314605,230.83782453613117,1039.0935946551374
123.32632543864962,536.8710019041271,323.8391238275474,984.0364511703241
806.6221658661743,537.8032691045714,4.604916334513535,1349.0303513052593
960.0421313332077,367.6683707487651,37.29383625577613,1365.004338337749
800.6995850324004,752.6411490064307,514.5164393356331,2067.8571733744643
565.2299911233483,427.1327069478817,684.8862079501265,1677.2489060213566
421.93111404891755,75.4252468231533,457.88654265652673,955.2429035285976
532.4052376224929,495.4771142104999,643.4359107753331,1671.3182626083258
842.6279166197655,200.47291809487896,461.08091561593244,1504.181750330577
638.2225417483518,739.9087436022343,741.5523495948318,2119.683634945418
630.2468690661502,958.6124725228163,841.9536578846973,2430.8129994736637
957.8369957569976,316.57040994274394,832.3079720557831,2106.7153777555245
926.2335739690116,763.4961096967214,59.73242092937288,1749.4621045951058
993.2393949344694,692.3224184376289,667.3529255625942,2352.9147389346927
373.5919047311237,899.1958899941444,796.0229623665753,2068.8107570918437
687.1807659142871,727.2225405749957,253.9061363064375,1668.3094427957203
601.8578875307915,98.24825746115204,741.5059143530744,1441.6120593450178
249.42917994112335,279.4174525026131,655.4464832966158,1184.2931157403523
95.10704594933603,208.7632509307787,399.4945210304082,703.3648179105229
695.4679133182234,806.851991562431,204.42171500333518,1706.7416198839896
828.0825507696501,297.85114810866884,167.6168614084813,1293.5505602868002
466.77140181523174,977.5431394653177,704.1841585433472,2148.4986998238965
970.7395039119772,626.8963159506327,352.71706858899984,1950.3528884516097
631.974030244704,421.80324841541113,459.00959218956496,1512.78687084968
103.89729569170753,513.109883076598,819.0266301788666,1436.033808947172
525.6803574813313,754.2306548299711,933.9756540512216,2213.886666362524
127.72927030481009,862.9591193785211,563.8088453529047,1554.497235036236
181.39665147647383,412.62195855017393,17.887415831163953,611.9060258578118
373.5522658480818,791.5527620678469,74.3683710878119,1239.4733990037405
597.7989014545433,876.8093351042594,973.8006012484364,2448.4088378072393
774.9588015734788,758.5754511068951,465.92731340725675,1999.4615660876307
558.1019381925798,82.22106041438336,987.4430781072651,1627.7660767142283
443.6864585903212,13.519278851529032,257.0475996416695,714.2533370835197
269.62591492928823,832.4959966185052,735.1074218334358,1837.229333381229
69.144650649141,382.6658746767476,311.31091662143956,763.1214419473281
217.92430882108565,936.2819894452308,258.6616034672969,1412.8679017336135
43.449317059088045,864.7290514701226,179.40891261652519,1087.5872811457357
173.87963980627208,415.25241856033045,408.807792881215,997.9398512478176
362.8759109573709,69.5203639550428,928.0128648156918,1360.4091397281054
541.0119054618034,224.5180766957899,269.54806121948576,1035.078043377079
330.25053678500944,531.566256622562,856.6934379609771,1718.5102313685486
214.59496492629307,827.042123143096,648.2447344604212,1689.88182252981
825.4012234926859,692.6159430990158,848.6085822647873,2366.625748856489
410.8005678506675,616.5968271198536,378.3301607751663,1405.7275557456874
692.6124680775551,904.1963450477739,303.2945655233996,1900.1033786487285
687.9427671196154,55.85152309578391,595.8226383877222,1339.6169286031216
828.2358144512149,435.0868784467363,202.49561193474898,1465.8183048327
598.830219618259,543.4354727320131,502.68713835345034,1644.9528307037224
837.202244371793,911.6042101588015,926.4040379113818,2675.2104924419764
637.0358924589573,404.2045622789519,671.7046836685495,1712.9451384064587
363.5186268883673,831.7620354434586,866.0684824422432,2061.349144774069
394.5580416719832,677.843387467725,121.98556776709535,1194.3869969068035
107.76526501068412,126.13043782928615,368.41175358503114,602.3074564250014
898.763270664923,51.237069349207644,882.9443560183082,1832.944696032439
718.1209444918869,75.37605239169972,868.5176720186565,1662.014668902243
517.3263751876658,555.2018709157047,294.21142289907726,1366.7396690024477
224.18144101576382,695.49840637011,797.6845179228886,1717.3643653087624
381.09426780677524,90.5420099441415,212.42351928945257,684.0597970403693
917.0984925957592,390.39512656450427,57.193107358462214,1364.6867265187257
2.9688376271560175,606.9363299986408,966.7054065776955,1576.6105742034924
899.002074837429,585.2803229330021,116.98739247586094,1601.2697902462921
801.2272072393334,3.3519265191906804,653.1605909575776,1457.7397247161016
526.4056411765926,817.0168084494389,30.825582517800648,1374.2480321438322
787.7704087572538,382.19088218025473,140.67711916610216,1310.6384101036106
250.96894867080297,805.637070615394,250.9905004324258,1307.5965197186226
569.7966976573357,791.4420884082523,167.5507357723993,1528.7895218379874
681.1208008274442,919.6736955622978,724.7785715708368,2325.573067960579
296.86985700499486,865.6111575965679,292.8853803658929,1455.3663949674556
571.6331220018884,3.738936609486167,321.4574767837725,896.8295353951471
454.93118125396876,148.87861978679493,651.1847890581295,1254.9945900988932
477.21707846495923,498.19821457356824,53.71709054606145,1029.132383584589
905.8657933293421,328.0871007853082,394.1901327562184,1628.1430268708687
369.5615583073268,52.45428683755588,878.9389906997027,1300.9548358445854
622.5375272142813,434.5765666490555,523.4494608511228,1580.5635547144598
732.767387930132,500.2692119920469,906.401795202605,2139.4383951247837
728.9215819594199,849.9780791015759,176.94115356979592,1755.8408146307916
567.0482333873687,403.6820354474092,517.8903923344972,1488.620661169275
92.09906814412018,29.646422245734193,810.0764950998364,931.8219854896907
152.84606139110377,47.0432755560087,612.1619106982698,812.0512476453823
386.4471287176888,970.0196263969107,535.3931998712517,1891.8599549858511
92.69855329565365,552.408098680596,190.7272503905148,835.8339023667644
233.47543139827297,364.50681692852424,612.6975946686122,1210.6798429954092
498.17087553414257,249.0910971715632,114.55013236320038,861.8121050689062
584.6654810248247,307.89000215871937,608.0846053734914,1500.6400885570356
433.788605625043,564.217441386353,82.95761865719545,1080.9636656685916
515.5191368035438,999.2084858866373,34.071913380658714,1548.7995360708398
948.9230362753752,698.5226785839592,742.0807941962134,2389.5265090555476
827.799732006644,701.1373399060395,524.9360670808961,2053.8731389935797
512.9867341231098,577.9193338380697,299.16072968053993,1390.0667976417194
368.39367346566524,728.3191187452445,707.7902079290535,1804.5030001399632
316.71794999118777,13.466976987974748,87.77477639474291,417.9597033739054
213.8443491826755,982.5881908424171,38.43320085874101,1234.8657408838337
42.548668718151404,733.1484557328357,266.8515599226537,1042.5486843736408
810.5261622678719,700.2071849686727,785.6942670299287,2296.427614266473
68.42383047724434,70.67252453065865,376.3163959161731,515.4127509240761
682.8955583191137,929.2612193268666,866.7090583699608,2478.8658360159407
815.9885024177007,346.2956030900176,939.4821378545256,2101.766243362244
231.64651648834905,439.9421152878893,880.9225608379651,1552.5111926142035
722.3425221821641,885.947930389715,195.4392760635513,1803.7297286354303
986.9637888110611,502.6705360776916,328.03768665784423,1817.672011546597
434.47916118621293,283.1939751999073,172.45071546433752,890.1238518504576
40.127778919861605,172.9400038230142,405.33237791982503,618.4001606627008
898.9691273923518,828.8264224649722,322.3385424397978,2050.1340922971217
589.1063628928558,413.5739131548824,759.4610683098659,1762.1413443576043
657.9399924861339,694.801673327634,696.82950918118,2049.571174994948
195.19272621141593,56.92552556846286,660.4979598327178,912.6162116125965
509.0174889411375,85.5870565690824,297.1988598405193,891.8034053507392
360.13838641444556,186.46889244617424,590.7318740662371,1137.339152926857
104.00089017629044,304.6357909124611,663.8495980646629,1072.4862791534144
400.89796905406246,84.87310156436554,783.3813749306037,1269.1524455490317
361.5690364441171,520.2294950431925,366.1055626696702,1247.90409415698
527.6843777164631,561.3601439882937,516.0402330865375,1605.0847547912942
166.17702722644373,366.897778315414,778.5313414921733,1311.606147034031
283.7692519454672,209.8714138303042,382.36939320308295,876.0100589788543
374.6029175747585,240.1913383252255,361.92020822388224,976.7144641238663
856.8918810786987,650.75059914745,372.2179790191634,1879.860459245312
116.79597906508344,648.1030655323203,845.385677270238,1610.2847218676418
758.3179360529546,448.9173837774858,514.2427079408528,1721.4780277712932
658.8598247016822,205.3146807119898,289.34818431285436,1153.5226897265263
596.43292197235,845.9575568301258,853.8533733961752,2296.243852198651
533.7832032564608,408.38750856338226,50.869109889598775,993.0398217094419
759.1090636593183,468.0221248029882,801.213423569449,2028.3446120317553
273.47652309607537,623.5519219765212,645.7021553477919,1542.7306004203883
983.2838081159953,979.6387247693235,377.50914342108774,2340.4316763064066
962.7872559981164,963.309371209311,336.72314318506665,2262.8197703924943
769.842811089125,166.63514268266886,89.22401785569292,1025.7019716274867
52.61680656299648,573.5725792089229,736.1435349155984,1362.3329206875178
17.190475715391095,460.56037238469827,963.1900662547802,1440.9409143548696
121.605676866702,457.93719977057094,137.73932262448474,717.2821992617577
478.1782023366952,502.626763198891,661.2862017745077,1642.091167310094
782.6613761273783,338.9637056617999,58.53010035323362,1180.1551821424118
243.06231807646782,339.9462501242273,941.4325657740377,1524.4411339747328
830.4564176549043,537.6428510787285,852.4622417741609,2220.561510507794
852.9271594391662,828.5424460918584,379.57480492829654,2061.044410459321
737.0100459614489,977.7183570740067,134.97243592409262,1849.7008389595483
946.2038858330394,135.32064609647102,17.718927217112295,1099.2434591466226
966.5103495157547,590.000061424657,914.3743182541393,2470.8847291945513
522.0950831668198,15.885573699351166,901.1821633910934,1439.1628202572642
945.7166102877075,893.624367693309,632.0771177399866,2471.418095721003
607.8274613540182,428.7537336309508,197.85073789208738,1234.4319328770564
110.2675249558037,959.5257481849227,624.4428331769409,1694.2361063176672
329.9017156632745,453.0741684912398,423.3066221345273,1206.2825062890415
518.6429995421452,459.1154624707554,832.252603456582,1810.0110654694827
12.132481887412878,157.03657994481554,338.88653328520456,508.055595117433
340.44694358508957,224.1858228799436,394.71213097531484,959.3448974403481
394.08745194937137,969.1063961385152,679.2973078634184,2042.491155951305
117.7800318706245,61.202536347749465,33.45420895166002,212.43677717003396
458.0206797343846,300.1928718147556,937.0961248844975,1695.3096764336378
916.2106485286155,730.9887517205539,941.0189083552513,2588.2183086044206
916.6750597283545,808.1080001260594,175.08075996054413,1899.863819814958
213.25683211850557,517.6959076768071,94.1885353457192,825.1412751410319
265.7011104736195,381.5303576892891,538.9119866239843,1186.143454786893
814.6147712703977,335.2786206709958,800.0134330246249,1949.9068249660183
505.0918028793295,187.82817170454672,196.53912750487,889.4591020887462
515.593939402166,17.32860594428067,802.0316213275221,1334.9541666739688
707.6196217106983,125.85507835015818,730.7446605731918,1564.2193606340484
112.42496290770153,904.7898509910378,823.9540100000992,1841.1688238988386
809.4472961213938,332.3554845753158,365.95106040481375,1507.7538411015234
382.56946418465054,275.37363063336267,792.5626581412217,1450.505752959235
999.9637217706688,172.329509946407,925.4769277606564,2097.7701594777322
391.72030528073856,992.3384457727652,279.2882937335914,1663.3470447870952
475.29478741358844,930.2509278674294,99.08289073871164,1504.6286060197294
809.8555872110082,744.6676362904016,314.36013057725796,1868.8833540786677
877.6465679760591,17.108834449715935,837.8312684429857,1732.5866708687608
313.66665171189544,226.01999905640565,182.0732886335234,721.7599394018245
688.98630713141,268.74517609766986,592.1978933427358,1549.9293765718157
490.45449002402995,949.3427901348939,972.4233372403806,2412.2206173993045
363.28106492494027,476.94614383198706,281.4592480320796,1121.686456789007
818.5631734932816,883.6646546023694,285.0328776494644,1987.2607057451155
697.7710865019696,738.9095151179483,774.4738370270234,2211.1544386469413
714.3614190127586,257.937369377353,445.7089491618351,1418.0077375519468
404.1674493449165,793.6490995977376,573.1091717219152,1770.9257206645693
518.0465014932048,836.4434747095437,611.971592660867,1966.4615688636154
650.2071152251002,483.52766403695404,189.88457029170021,1323.6193495537543
670.700447486089,319.7696924516879,799.9232910821237,1790.3934310199006
607.1022183160243,283.47864388881874,92.06485367119868,982.6457158760417
65.75810666962542,217.68416859067062,679.9751580408149,963.4174333011109
858.1852560323998,339.4904911997208,342.6131959160325,1540.288943148153
832.6221147217143,43.36851101214417,795.5405589712169,1671.5311847050752
425.22648914920296,754.387851940447,977.6590374682613,2157.273378557911
393.3148732703968,643.0631962958947,301.84767193488443,1338.225741501176
78.15895934955599,655.0207151745635,452.73102978162996,1185.9107043057495
791.5827175438695,575.6980573105885,488.86616016256056,1856.1469350170187
473.05021827183333,639.2682488781318,701.6089075779864,1813.9273747279515
171.9425882872793,171.7162451747568,441.9158087790125,785.5746422410487
561.2486007835655,942.1220871660204,73.75755336925819,1577.128241318844
924.6935224559938,704.4889197024771,807.883328818326,2437.065770976797
294.5031987832151,261.60885609708,748.8208662545154,1304.9329211348104
163.52356744488878,437.58477894152963,998.1043007176677,1599.212647104086
561.3748552534904,619.8353564170519,231.66532276165586,1412.8755344321983
304.63077391685385,1.9613607708980316,549.7975911517855,856.3897258395373
654.3856889658124,292.6913069214311,570.9917153203793,1518.0687112076228
259.22604829243903,370.1960255177276,997.9459736146505,1627.3680474248172
981.1089865561497,476.1526621109371,200.4900575264035,1657.7517061934902
309.77980601066787,195.14037612669898,222.83777320488372,727.7579553422506
20.065323169623003,983.8581663338742,672.7703965002361,1676.6938860037333
117.01766796513456,37.02360596366146,776.2204150258721,930.2616889546681
696.4642386596761,39.18558800372182,535.8551725780538,1271.5049992414517
693.1017241740726,5.428606830159158,245.9485533684697,944.4788843727015
637.8457450468458,663.9131803279589,527.6986608111949,1829.4575861859996
830.1185485119253,585.6588387293833,738.0558805599503,2153.833267801259
833.0446332640406,12.680732311185881,854.478233092143,1700.2035986673695
258.17795020076704,282.16896806498306,992.8738842090233,1533.2208024747733
9.952828764212212,298.05304119183575,124.57278733230008,432.57865728834804
461.16799691527626,914.9503409174957,697.934928508304,2074.053266341076
415.0133812547947,857.315688129266,315.6055737907471,1587.934643174808
304.5613666576713,55.20026534709488,179.46980872861965,539.2314407333859
917.1030993289047,770.2705876633704,111.70481893393236,1799.0785059262073
804.1994312812953,263.3081240190565,635.9081816358864,1703.4157369362383
520.3149536922923,184.3130377100981,210.95681397833403,915.5848053807244
97.71882660957044,687.049451575571,100.34919019497126,885.1174683801127
228.6962040893713,165.36532092648554,930.0700732164107,1324.1315982322676
33.56431526646516,641.3833196049447,174.14512648044837,849.0927613518584
672.4638651607358,392.0050041572115,106.72117427442208,1171.1900435923694
669.8649611369187,630.4547771935654,319.84715830363194,1620.166896634116
272.47370632099444,751.8422914241905,12.003110713049553,1036.3191084582347
264.86664335622413,828.0080579009556,60.248118101285975,1153.122819358466
752.2945047485426,822.2986125084991,647.2232198971841,2221.816337154226
956.8579463120766,973.9094793472675,467.3730732725308,2398.140498931875
167.00282636878538,424.4153037218313,284.2051934389342,875.6233235295509
913.0588227459932,486.19071663136685,671.7120053850715,2070.961544762432
101.14308501660348,373.40526343148593,411.42622431094384,885.9745727590332
402.6699052956248,554.0512141212856,853.0503573519557,1809.771476768866
502.5525538667209,634.6150217590817,262.7923104573509,1399.9598860831536
80.58211365666308,561.6668603405458,659.802918474387,1302.0518924715957
88.80837164460662,679.171939074576,671.5344490314562,1439.5147597506389
943.4041599202097,962.2205019509347,631.7919326599489,2537.4165945310933
20.52263918626301,397.4719752525019,430.8552396140099,848.8498540527748
41.84238102411188,463.01969050480335,88.71644951439642,593.5785210433116
517.1723598639072,584.1310796559243,506.40904885360777,1607.7124883734393
362.1497698646104,171.7659986253314,148.87179700097275,682.7875654909145
196.0090261897354,21.14541239734261,365.0952047262991,582.2496433133771
398.8319048804866,64.48285480934621,524.2470066921471,987.56176638198
944.4338252422683,590.9756669855827,230.27361481866478,1765.6831070465157
179.9351823727291,863.3393743149575,999.0637997225308,2042.3383564102173
939.0616843588151,946.2323840177975,602.1527792082793,2487.4468475848917
317.8774767214974,600.6699994145087,380.7507545531673,1299.2982306891734
177.9044742255042,874.6116147735507,732.2300520114318,1784.7461410104868
249.28598801930974,475.17332505814227,65.43400711649234,789.8933201939443
993.46725176982,198.7137530702537,266.8489176844976,1459.0299225245712
620.1358228213987,335.0907360065688,309.13959037310883,1264.3661492010765
765.3364277321103,690.4948794615875,830.7107617566869,2286.5420689503844
954.5499118128034,749.4588810763415,271.5437296953683,1975.552522584513
332.1143999701563,515.3914845851184,587.4920406611544,1434.997925216429
706.694979208546,126.01810882240292,978.7315646601256,1811.4446526910747
195.49398810098094,773.9038829572848,790.7153753777783,1760.113246436044
591.697875748107,458.27779529019335,398.49502326697086,1448.470694305271
244.64766878412232,143.80512276060324,906.1017416819606,1294.554533226686
795.7988243713542,480.92616633218626,96.98822204297642,1373.713212746517
506.2317841419662,228.4468643715881,230.67836443157532,965.3570129451297
943.358631546944,532.0754790651615,15.082056493498467,1490.516167105604
462.25924370567463,740.782821723638,347.69561807600985,1550.7376835053224
735.7982235588305,846.2310344478573,609.2168615086948,2191.246119515383
111.41052025918385,450.8117474518902,936.2570329291518,1498.479300640226
692.1225814811924,931.9367191344156,417.5535253996099,2041.612826015218
551.2275964167344,759.8289382555091,463.1596306792615,1774.216165351505
317.5157533776171,857.7093701511715,214.0727671081722,1389.2978906369608
699.682218760991,998.6012011448482,685.6496724256308,2383.93309233147
33.9821499488917,712.5005863274492,953.0422573868127,1699.5249936631535
978.2202374212146,69.80247474090542,825.8238449388366,1873.8465571009567
782.6508253500226,975.2378787478567,808.3411435280758,2566.2298476259552
190.80125163983234,75.42148034110846,16.952284307122024,283.1750162880628
474.1250415231977,511.58811423537907,240.98185110969115,1226.695006868268
795.5274374369188,515.9250871090388,316.65650333137427,1628.109027877332
824.9178738825411,789.811169608371,221.97271949628382,1836.701762987196
716.2507230956362,662.685211826015,134.3673666069038,1513.3033015285548
503.01205483524234,889.5347205501539,875.6494986413815,2268.1962740267777
603.7993541664827,72.79010885356477,470.2648760053423,1146.8543390253897
685.2415624274081,767.9767721745665,30.138129693589047,1483.3564642955637
184.13219349854444,770.3906901136905,102.54347461000339,1057.0663582222383
989.927867997634,86.53557092196573,520.0512892452385,1596.5147281648383
534.259325224459,113.97518129551703,26.43299940035356,674.6675059203295
564.9230044568283,295.6192897936773,57.10482392462682,917.6471181751324
133.99251076563496,638.7847986310595,71.30324118351984,844.0805505802143
183.02712980232084,717.76874760821,275.5058108227503,1176.301688233281
317.8358187299243,722.0854445303486,126.19351957519908,1166.1147828354722
289.9568506495401,37.79529100239013,543.2825539480028,871.034695599933
926.1293561827733,767.7198156174655,10.163455136408652,1704.0126269366474
560.4705840923541,211.9849675825403,501.3765733733549,1273.8321250482493
204.4427816714629,935.9435277673725,189.90938060315796,1330.2956900419936
355.1057628170319,422.44450577287574,348.08765089671766,1125.6379194866254
461.1502962430363,906.2889874006778,453.2836082557345,1820.7228918994488
484.75188210558906,820.3040419384577,298.4623762703517,1603.5183003143984
115.11708037721719,433.690958660358,617.917764442574,1166.7258034801494
704.974077184376,843.2590397300419,478.2719137139516,2026.5050306283695
612.1402075541291,592.2817521369882,290.7298736024989,1495.1518332936162
738.7081194438185,337.30596741198025,569.6658325596744,1645.6799194154733
584.695290836392,607.321469130089,557.8363331371812,1749.853093103662
433.6725392605834,735.6954007571591,103.61616993592847,1272.984109953671
599.6941398168158,51.166183472286484,90.43267191515838,741.2929952042606
130.6361032195563,748.4333435504614,733.2330938827824,1612.3025406528
402.5200762586218,402.25817966565245,840.6831176160682,1645.4613735403425
112.61035332412686,374.6595169935323,555.4155902296762,1042.6854605473354
846.6626750017508,490.3299546876997,187.11877054088305,1524.1114002303336
408.40937330425265,43.67132018868019,981.642665713562,1433.723359206495
443.11806014486524,625.5215849208918,883.9475251710962,1952.5871702368534
188.43372778437464,334.37012651600475,678.2445061268307,1201.0483604272101
648.9615052666073,496.878677324086,372.66195010058334,1518.5021326912765
123.22415634309733,57.89658206959003,829.254398841539,1010.3751372542264
412.58908465714507,881.2977656951576,781.8026785120949,2075.6895288643973
627.5198578665164,313.40745185188,928.0723037398953,1868.9996134582916
700.4977612240693,917.4057976731569,236.26576643724178,1854.169325334468
38.23703989623303,785.0242145805018,713.421685056703,1536.682939533438
57.922255657369824,666.8630479412864,895.7664682331059,1620.5517718317622
472.0910830867782,933.4591897955652,173.82325254861007,1579.3735254309536
509.5855203565552,572.9902158490357,438.77983996166427,1521.3555761672553
765.5231195583625,911.8731677161138,991.4711423461882,2668.8674296206646
309.1269542300879,719.5958243850135,852.6245271873848,1881.3473058024865
212.9166791126603,804.2388048893366,194.4074675578771,1211.562951559874
402.2255555608179,134.37029292196294,988.2981780692235,1524.8940265520043
224.16923340581533,480.18340290890205,206.36615692145145,910.7187932361688
942.5802115535834,375.16338406419345,13.25900335677635,1331.0025989745532
848.2043174147011,395.2879136831514,807.3953918443995,2050.887622942252
389.85604952034873,130.98486023524345,945.0577214148326,1465.8986311704248
244.90420882809843,392.8565599472786,504.4162535283699,1142.177022303747
419.0545327776819,909.1256891626716,876.4023443185358,2204.5825662588895
922.6235201241014,278.8480558830646,25.069042467907163,1226.5406184750732
945.4158749121185,748.0438504268993,459.5094783893527,2152.9692037283708
121.52978144217207,781.4514174097322,359.58866665085014,1262.5698655027545
760.4597496329608,203.4475683875388,251.2567963733555,1215.164114393855
175.0995539113899,507.7497597436648,541.0615780863719,1223.9108917414267
510.67088692375916,188.7080623925805,172.450547014986,871.8294963313257
1.8403901980727073,122.6190170290331,422.66802672673276,547.1274339538386
956.2458566968496,74.05771899179956,21.889491013991382,1052.1930667026406
781.3732189428622,870.1802397366242,447.1991734098396,2098.752632089326
970.7227499531447,775.3037565817218,635.1975199738765,2381.224026508743
717.3580908101716,164.49869611186682,155.01784575001432,1036.8746326720527
164.2568134759938,776.2288805837434,439.41946042236793,1379.905154482105
74.96535924238059,67.88854442035932,600.5227488977299,743.3766525604699
860.6612288949349,324.6962467220968,685.0476440496998,1870.4051196667315
191.22520785246104,191.07665692138679,75.55902557025136,457.8608903440992
622.7375315805417,578.8051369388273,640.5949144207211,1842.1375829400902
365.7390201289656,338.538154226541,934.1094215478132,1638.3865959033196
737.5042626340019,880.6338952092345,701.1294867166063,2319.2676445598427
129.17605632523686,699.630971663549,998.241782421667,1827.048810410453
892.6178448893087,971.0722540686075,71.58310027077266,1935.273199228689
749.0980649683466,202.16440561565466,9.128563800286399,960.3910343842878
129.55252699179917,962.1947345592548,191.24865500166078,1282.9959165527148
435.65324016599806,608.6120691852474,893.9188245487279,1938.1841338999734
473.18802516114397,881.9468915939428,512.8837444878332,1868.01866124292
236.81907751258004,585.719218676728,482.8227218069463,1305.3610179962543
790.4790072409888,685.9625567897946,703.2064268340158,2179.6479908647993
249.63594833479354,118.26077358909937,18.435904885723907,386.33262680961684
68.31054961880274,174.31868699074718,364.9727924428046,607.6020290523545
324.5254722635808,330.45787866126034,620.2349889289417,1275.2183398537827
885.4897609507946,67.9025915056766,755.2150474135022,1708.6073998699735
160.72051968665446,859.072545294823,348.9477881653546,1368.7408531468323
142.3092713872548,343.78295984017086,105.83965682945869,591.9318880568843
467.24720175918645,300.52761448940714,280.88301536414235,1048.6578316127361
112.94406897169607,344.38580436127575,407.08422619767623,864.4140995306481
680.7348911199912,478.136133562235,962.8376387835787,2121.708663465805
440.0849495311569,449.0883130365685,287.55718885597776,1176.730451423703
282.8763605931198,704.7221808262483,851.9538445102671,1839.5523859296352
956.2679663008976,482.92365838656997,881.684399572726,2320.8760242601934
277.4790953417853,911.862099327016,760.3188105706681,1949.6600052394695
283.23570000244524,453.4778747518333,543.6087497654767,1280.3223245197553
583.7152090344799,479.2770223947878,860.043086696478,1923.0353181257458
755.4750924207445,57.58996556686294,197.00774543404137,1010.0728034216488
804.1454180683646,512.4380889796669,109.07202745745303,1425.6555345054846
438.27476620206176,401.53926179161795,275.225420041891,1115.0394480355708
170.87239164157137,657.608219702175,685.8324975477252,1514.3131088914715
241.4931018255572,987.8720179341151,413.8590597421492,1643.2241795018215
665.661444299418,744.9582245576154,231.0915868944485,1641.711255751482
120.01226910464632,348.3960215625736,103.48185419829917,571.8901448655191
554.4238466956564,281.9205661740669,43.978883339279236,880.3232962090026
107.12043932330324,154.8933351254364,879.1571676645383,1141.170942113278
421.0501861049774,273.6723601707919,719.7560586096231,1414.4786048853923
754.3353987261277,657.2919073462076,68.07730166847156,1479.7046077408068
769.9944186150977,426.3206982634215,15.397511460905802,1211.7126283394252
432.48440999288573,276.14028608858996,487.85767754271814,1196.4823736241938
471.56998828196095,637.463782085382,465.7295032814105,1574.7632736487535
524.9498452596262,91.28594306347077,542.2140958307212,1158.4498841538182
1.7540007762003667,457.6735932923055,667.424330410898,1126.8519244794038
302.22772577035624,423.7943161605434,937.8841830794746,1663.9062250103743
309.79527633336147,550.0742922861281,425.16973023993427,1285.0392988594238
45.2894682152301,646.4268725536944,977.944946361946,1669.6612871308705
327.17278983683264,797.0434632108633,292.27062460652104,1416.4868776542169
79.32613033537632,26.78165748304891,889.4996591904309,995.6074470088561
516.5288772367635,929.5966413290824,19.500677115911316,1465.6261956817573
630.0650334567104,43.28781269088988,598.8924646303245,1272.2453107779247
146.55980927881387,590.6690644362471,190.4601253463504,927.6889990614114
897.270370029979,767.2570511613353,804.5774481411233,2469.1048693324374
550.8194205955152,483.36947470116337,985.3265674386779,2019.5154627353563
51.4174322564051,201.1361633754388,370.5958033707697,623.1493990026136
222.5234321252057,596.7796440522894,608.8092184845005,1428.1122946619957
516.7091765796811,165.02399192167562,819.6168802499556,1501.3500487513122
999.6996811031197,348.2366223069116,272.0319146672188,1619.9682180772502
624.8885915333127,247.09115694151893,903.2257700948699,1775.2055185697016
206.13183224505653,14.16894422605438,722.3141534014961,942.614929872607
676.1775500229409,161.0082391688465,928.9604480362146,1766.146237228002
213.21262359693085,293.3246517406987,194.8762976949995,701.4135730326291
76.04951270855157,771.4584261310266,557.9437176864652,1405.4516565260433
826.4053597870451,652.5488701512451,38.51855805470562,1517.4727879929958
494.0352058998098,525.6865609890173,577.8141405648657,1597.5359074536927
502.54155107712324,815.0578011654886,738.1062186892439,2055.7055709318556
817.285111474105,338.463440912677,259.9779357530929,1415.7264881398748
621.7723073248154,942.0878896294704,515.6133996594994,2079.473596613785
514.4096305718577,711.3680502021094,190.5083711595095,1416.2860519334768
950.0858876425687,47.455667464337274,189.25142513199816,1186.792980238904
327.81708501491795,639.3050414920782,33.21347280109283,1000.3355993080891
829.4041276318192,327.0357022396791,644.7837944091715,1801.2236242806698
739.0404140913417,834.4965398971591,697.425928728027,2270.962882716528
712.7662989028114,523.6142676521334,602.3366292096902,1838.717195764635
175.2218997805487,31.401273439526303,869.365949592524,1075.989122812599
847.0846502965297,132.2117423086918,124.2588739523193,1103.5552665575408
905.6391992315072,514.9665373256705,176.44800022442118,1597.053736781599
23.25147945385875,363.85510209398353,731.2781348672463,1118.3847164150886
306.32838341191047,928.7513888162667,538.9704752835881,1774.0502475117655
198.55176809647034,790.8195122547562,973.1685175472506,1962.5397978984772
926.2119950269976,159.01599473648886,531.0021820836155,1616.230171847102
231.07385709337464,209.2903482898666,738.6968262074532,1179.0610315906945
868.1830508109774,266.8156390421754,528.1030324066994,1663.1017222598523
845.8903512581795,67.34610938960618,300.27200288539996,1213.5084635331857
561.7337296775705,908.7800249844165,474.2877585959216,1944.8015132579087
638.133150901916,120.89688727665238,935.9669470777352,1694.9969852563036
113.91957461934082,639.2341002615384,312.7618911206191,1065.9155660014983
166.43809776824398,265.8520737536949,734.159977361752,1166.4501488836909
132.28454965894878,835.3346978407005,526.06965427707,1493.6889017767194
314.18360536124186,259.44330716603037,152.88467518518715,726.5115877124593
833.6766588762872,363.7409451912169,669.0362415331748,1866.453845600679
409.4340826085774,576.1146845562142,714.4460096832156,1699.9947768480072
300.1894086665996,175.62329078311024,141.67200146418503,617.4847009138948
237.93424520343353,809.3977226669903,836.8633461878286,1884.1953140582523
136.86666340001295,275.37317756628687,88.65982025576048,500.89966122206033
810.7762130996438,139.30793199509316,286.97157945023366,1237.0557245449704
522.7618410532165,713.9008689798125,914.899741021842,2151.562451054871
660.7749566296861,843.4478371906482,199.3410346656897,1703.563828486024
540.8161735391418,830.2257693666519,611.7635932717445,1982.8055361775382
212.25140301683075,578.102814307664,578.6066614225313,1368.960878747026
877.1612101371436,706.6223781750994,253.8427781871689,1837.626366499412
190.631880960528,524.8084660866094,227.73880245633228,943.1791495034697
966.939750559394,538.166514935434,181.52547534527804,1686.631740840106
909.3007144119355,208.4883030412607,477.1266150799282,1594.9156325331244
217.27515823347764,41.4163814868039,322.9565224664767,581.6480621867582
453.91942181583335,703.3260538303435,603.869491667001,1761.1149673131777
900.813737779334,193.16316114416745,119.57015974564754,1213.547058669149
933.1586986384572,334.39765126323607,302.47524146161,1570.0315913633033
567.6651868661172,997.7362809641829,710.8111787412188,2276.212646571519
463.64903530786825,665.9483415931126,17.434037815676014,1147.0314147166569
884.2617113417763,650.5698511368751,157.1679314980213,1691.9994939766727
775.9097074796473,833.9323859881748,508.2917070021476,2118.1338004699696
563.9208021747874,872.234719693982,19.291784000904176,1455.4473058696738
463.3823595489973,137.29023651961637,754.8894726271079,1355.5620686957216
917.812824942519,447.19098679049984,768.9992532624441,2134.003064995463
95.40627060738602,715.6476632869569,531.1126422836257,1342.1665761779686
160.80416701316443,691.8999692595719,509.2218347845633,1361.9259710572996
24.065139646974917,596.2053249810156,889.0952368118499,1509.3657014398404
436.1713247042612,381.0011080339068,355.2744534015691,1172.4468861397372
640.139671556681,796.6018599276559,490.25231671466446,1926.9938481990014
594.3264221438427,319.5133630097322,621.7852921208287,1535.6250772744036
992.3127444789325,363.9022477742894,411.14024537364304,1767.355237626865
6.461286037311014,181.73373123666227,467.9488047416204,656.1438220155937
696.9266828308331,641.2251947117925,142.0225376486041,1480.1744151912299
609.7900942776702,892.7427009738454,655.4872940887922,2158.020089340308
470.75270462739945,28.051695513387237,119.3380296832939,618.1424298240806
337.0803210398451,744.0866531653842,480.2742951271202,1561.4412693323495
903.4873509354995,646.4475070084333,287.32607934220124,1837.260937286134
913.1509325909606,226.28944201319328,125.96165383106852,1265.4020284352225
214.24493389954853,323.04481686911816,313.1030863010442,850.3928370697108
444.36859739468287,483.2204504225218,660.7407263724904,1588.329774189695
802.9642178067363,792.8078474048284,85.989302400057,1681.7613676116216
229.58674091664278,369.9805526398801,344.8217744448488,944.3890680013717
538.126073169028,60.31811562518091,379.792045524491,978.2362343186999
981.0876597638446,856.8897116630611,880.3302474643265,2718.3076188912323
894.9823127258375,669.8461033109361,115.04342053735077,1679.8718365741242
161.95296119588923,983.3268966410544,225.21492163728638,1370.49477947423
472.61334492267537,86.24305963425289,586.5903544531031,1145.4467590100314
914.6201203495602,436.3884188901713,744.3785253528919,2095.3870645926236
81.16149040465274,124.21937053627897,351.2531339102417,556.6339948511734
846.5435461892337,414.0323106052307,869.2982183337231,2129.8740751281875
477.7302748990715,454.78319662568674,628.9057784082345,1561.4192499329927
893.4383904410086,881.7765295064216,662.8998220291165,2438.1147419765466
154.67664575231518,363.9071510088676,407.75064007078595,926.3344368319687
724.0942717774058,489.60618066325446,470.9544414101807,1684.6548938508408
767.5549811258364,451.38218152441493,223.09227423728254,1442.0294368875338
83.30073590714574,370.0750620953274,333.9342221161321,787.3100201186053
666.345568510246,264.79301866620955,618.0504894175818,1549.1890765940375
652.6033169115617,239.27281020675719,987.5587716914941,1879.4348988098131
851.5365921056132,673.5336667529805,431.9168621411497,1956.9871209997434
193.3549669143161,906.5222278960753,250.60069084867064,1350.477885659062
119.18986187944785,187.15812541582724,578.092248124485,884.44023541976
373.44986608541524,440.57993867750093,678.3927505655959,1492.422555328512
497.5869003046657,74.07089320478575,686.7464039153274,1258.4041974247789
994.8777979266063,138.31999162857636,784.5793525152743,1917.777142070457
669.7955241245756,816.2760246697942,203.76850857522516,1689.840057369595
31.76182072805077,930.7368046562137,97.0139491175334,1059.5125745017979
165.57816380797237,258.50967170424514,865.5371258715272,1289.6249613837447
412.1447657439785,589.3160350962911,235.74158002552736,1237.2023808657968
322.34755503927863,229.07071498260407,515.5185979599794,1066.9368679818622
326.12784893411794,59.506334334166844,510.63314563927605,896.2673289075608
269.4694020429355,953.2420421475838,719.5466337879133,1942.2580779784325
402.8805044547097,172.85901627538942,86.97276929523427,662.7122900253333
89.27614167133395,878.2050912041043,761.6859282740171,1729.1671611494553
744.2582584652437,945.0061907982941,471.9318721224793,2161.196321386017
908.502992484684,924.8433383132809,353.5685952859989,2186.914926083964
619.8552524088047,561.8582968068156,752.4343955289179,1934.147944744538
135.9861936809645,160.07002738346867,672.3423483523052,968.3985694167384
1.211947459763873,997.98919711509,536.2790431547331,1535.480187729587
211.79106774668932,283.38247941981115,628.8151226125859,1123.9886697790864
233.3013917395272,10.134155789398392,85.24006947728692,328.6756170062125
594.2701333597659,586.6622177035764,875.9525977460027,2056.8849488093447
875.9566010269501,857.6051769915632,623.6556726240831,2357.2174506425963
951.9353755311578,79.64648581450201,754.1065407913446,1785.6884021370042
208.89930616444184,701.6219462795848,781.9714293905013,1692.492681834528
854.4390466929773,795.1343971317121,807.037307251657,2456.610751076347
518.5940429512806,311.6527163809406,634.0530389967962,1464.2997983290174
609.7674027784008,631.3263376017887,472.2786753090137,1713.372415689203
385.93257372724554,552.8625223908195,948.4363419983674,1887.2314381164324
141.12662443730915,731.0173627329613,396.08556070469183,1268.2295478749622
804.577816634404,422.5136408337129,152.0139789123424,1379.1054363804592
334.6168956573548,440.9706570624977,777.5306184191036,1553.118171138956
272.2857574232361,328.8073703156898,470.46840356357694,1071.5615313025028
169.46157757294108,558.4629419769017,946.2888670903685,1674.2133866402114
919.6343172859966,720.6549663213381,70.7755900367317,1711.0648736440664
388.855502759638,329.990084268493,590.0905103165239,1308.9360973446549
759.2331902799898,672.8250089980164,533.1675168258796,1965.2257161038858
336.589466813024,132.76325583153275,212.60252407078576,681.9552467153425
628.9989528299866,978.108322455203,481.8128313927627,2088.9201066779524
982.4494789306057,350.1218336262338,817.8573369541608,2150.4286495110005
178.5666555352966,420.91848135310556,144.93020039164819,744.4153372800504
997.2888305533321,925.0379809517536,594.3314369861286,2516.658248491214
893.598527596826,359.9925459949746,70.53609193197107,1324.1271655237715
943.9711251139886,931.9501864160534,653.2980788175164,2529.219390347558
207.19450732978402,105.84881596807486,435.18541401064437,748.2287373085032
829.6128173284193,428.72249724020975,421.36474945899243,1679.7000640276215
924.721500031885,147.2286085691132,961.2526150360186,2033.2027236370168
547.5753036162546,778.1958709568331,928.7416206937115,2254.512795266799
277.541720545714,450.29716785485897,615.0584397258513,1342.8973281264243
764.5694805287756,686.7762821202429,127.15540315629143,1578.50116580531
305.9917397709211,12.30385922434389,487.9089905460168,806.2045895412818
914.915294787292,498.7188715310115,39.29688663588078,1452.9310529541842
418.1730321188739,131.90373515582428,29.883249181959687,579.9600164566579
830.8857260298258,780.36872721891,17.016585653369066,1628.271038902105
760.5357683262775,771.4890621655765,781.2339528188556,2313.25878331071
278.48981764553605,64.32248300106187,610.1534103251141,952.965710971712
146.91791848069616,214.50747776082002,801.5098234895853,1162.9352197311014
298.7608520120942,617.4975030577842,772.7957845591408,1689.0541396290191
90.71643757166815,618.2847145304063,538.9155469253344,1247.9166990274089
623.0791189747181,992.3585244649867,522.3315546696139,2137.7691981093185
572.2526480572061,342.15111461790804,868.801843509926,1783.2056061850403
476.12660767147116,919.7211570582562,300.1981545119659,1696.0459192416931
692.1783008917814,774.5995916975813,886.783027754337,2353.5609203436998
199.23178368688784,334.52317443561526,426.4605516437383,960.2155097662414
34.74765180038819,353.00274221888907,695.4167066469145,1083.1671006661918
562.5136534225777,141.36832657023976,709.3480413766578,1413.2300213694753
910.8903615055332,29.025714224443096,702.4691916495522,1642.3852673795284
739.7631400976677,268.0875973976506,107.1946905473057,1115.045428042624
700.5176306455483,427.70547583856285,408.97219990359247,1537.1953063877036
735.9718462703506,342.4234779090616,80.85807157774998,1159.2533957571623
184.4856992205874,335.7118924453138,884.2255264440561,1404.4231181099572
618.9457260784892,356.2266083125934,904.7699593489598,1879.9422937400423
107.8963469457564,303.6696219282438,393.3945260676156,804.9604949416158
910.4577322789451,843.1438564053205,439.53653216154856,2193.1381208458142
752.095228191709,743.5115186348057,502.39642118965213,1998.0031680161667
783.2857956386605,480.51391712811795,626.7696728181274,1890.5693855849058
271.9733422928294,123.70020767411776,482.9260480642213,878.5995980311684
51.66319237113238,862.2487382557761,954.7881959777238,1868.7001266046323
870.0433183816361,440.2958755694345,578.7484284476371,1889.087622398708
838.7283376827904,201.84003524243403,73.72586457388213,1114.2942374991064
421.33475530277104,135.441182684285,459.03445916207033,1015.8103971491264
200.4430392866221,659.1568001808827,706.7896644407701,1566.389503908275
942.6435823212654,888.0519167027994,806.3877873415225,2637.0832863655874
346.15989122682436,892.5660439957521,144.52659043163015,1383.2525256542067
146.66479908943924,603.0178428200385,514.0324504796787,1263.7150923891563
383.9121427963464,190.13368028529484,900.8894130602697,1474.935236141911
766.8375416868421,994.4105355839438,563.555058417912,2324.8031356886977
237.89079729376164,599.1704697088901,28.53971548686519,865.6009824895168
116.88755569711859,366.66184045604314,102.34544014678606,585.8948362999478
640.3202092525593,28.08067854296471,224.44171616580525,892.8426039613292
193.46437006091358,816.7506871098882,238.92814639349572,1249.1432035642974
97.17645358153116,489.2820471636534,257.3256432195123,843.7841439646968
176.10551253924072,14.391559740305503,717.5486789915371,908.0457512710834
636.0639308305939,868.8365782053922,978.9128951670543,2483.8134042030406
574.4105287746772,105.37561371985906,165.94331657850003,845.7294590730363
651.9514122783972,728.4457714132212,86.7694794557206,1467.166663147339
329.48063793614205,644.1652474465657,395.44936084781534,1369.0952462305231
93.69503866965167,277.5389071210557,423.83167380545694,795.0656195961643
977.6886591023015,307.20272897125204,793.844826797526,2078.7362148710795
883.7624559814886,56.394510975369855,26.082498003670104,966.2394649605286
311.17103839090714,573.6428134762153,820.0722396247563,1704.8860914918787
619.8354016944372,674.9530108211966,933.9339244431438,2228.7223369587778
512.0943548152027,134.2731774813279,619.5904520519406,1265.9579843484712
458.1285811860151,698.6819393854648,730.1477331072006,1886.9582536786804
801.8962316674159,131.70816722589984,531.4249678191047,1465.0293667124206
538.8363505105488,403.2662579744177,274.9002215431193,1217.0028300280858
173.84514016767065,140.6550294181324,485.04272814954606,799.5428977353491
930.1043097303367,470.36170553037465,897.8723441767268,2298.338359437438
365.84063221396923,576.8877235938318,762.9839587782942,1705.712314586095
794.9924257985749,433.9760084669384,493.6348347180075,1722.6032689835206
206.32710367054628,778.1211556085481,891.921118771573,1876.3693780506674
412.23387058048945,499.8818099619714,892.2792790951951,1804.394959637656
574.2650383265966,202.06460441629213,546.3303694962665,1322.660012239155
155.2254075719852,227.94910913820314,731.4838375238332,1114.6583542340215
79.08023143230551,274.8945122992771,253.8117695440512,607.7865132756339
398.7599189675367,571.0224782298513,992.3178047630782,1962.1002019604662
385.2127342252619,312.43463312564256,353.12921591919354,1050.776583270098
710.2318122042716,264.01201704379855,261.0919382253522,1235.3357674734223
777.0250930438381,514.202614574486,605.42463937999,1896.652346998314
176.7860835352204,706.3469101540577,368.4298493978666,1251.5628430871448
891.8809229765764,611.7394102903769,59.63976287320794,1563.2600961401613
913.2692203804772,434.9576715488722,567.7199913639671,1915.9468832933167
471.47393420940966,322.23111698388317,806.2257573319499,1599.9308085252428
430.10455443892243,745.4258211329873,884.3673229689222,2059.8976985408317
564.6057932625157,188.43836476152353,454.7181338021646,1207.7622918262039
217.4126109556694,605.9170764618048,920.0721425789865,1743.4018299964605
284.04998549874074,840.2161126116038,668.3996321082454,1792.66573021859
920.0545519829562,287.0705636717506,352.7532007790278,1559.8783164337347
802.9539273399367,11.271238729007957,781.1276794271571,1595.3528454961017
262.8600064101553,284.21666178320544,412.80461917583193,959.8812873691927
949.6086147025723,236.905368433781,853.577471866103,2040.0914550024563
326.2030796078709,167.18024049298427,808.2990949818743,1301.6824150827294
223.48590764256073,784.0476170593786,791.9343526319215,1799.4678773338608
489.44673774604365,560.4856986366367,629.4717834937358,1679.4042198764162
296.35379617510387,301.5188800778127,667.0177344106937,1264.8904106636103
196.55363849220038,472.10262837321574,492.61505199598565,1161.2713188614018
745.8730731251707,569.1503521337238,994.5217031660115,2309.5451284249057
419.6553715881866,262.69437729946304,352.4856885342574,1034.835437421907
401.58772967530206,923.4378497259344,258.84054391670935,1583.8661233179457
147.0849862070994,317.66781507693105,474.3774645006516,939.130265784682
376.8041801307191,866.9953423629383,737.3230568045035,1981.1225792981609
554.7840240729042,1.22645116200214,99.70829426452232,655.7187694994287
78.00592244509504,917.2241206017993,588.7733923301854,1584.0034353770798
334.6084801455174,443.2012720930223,923.1779057937861,1700.9876580323257
644.873454995031,602.0542109062693,525.2913250884118,1772.218990989712
354.2737263819298,676.0443456603173,533.5074621425088,1563.8255341847557
676.593193627669,979.624417541984,183.29002827029484,1839.507639439948
791.7207320081299,553.4322044159956,595.7992930458147,1940.9522294699402
121.1319260003695,817.0322917997311,297.99543276004357,1236.1596505601442
193.336977051352,914.3357194327622,434.2960049913912,1541.9687014755054
88.52683334480571,72.82440939038011,107.51423373572025,268.86547647090606
897.904177460765,57.14415506406938,869.0644064875353,1824.1127390123697
863.804980086957,873.155141945683,878.0756863138225,2615.0358083464625
1.352783999499015,215.6662241858176,148.00997817392258,365.0289863592392
210.95090701404075,932.2534111926875,42.20309931388605,1185.4074175206142
779.4550298907584,761.3751459615833,757.622559914499,2298.4527357668408
481.5048712087848,819.4690516976972,849.6529093430152,2150.626832249497
593.0337194838721,578.8226809795908,948.2400524213963,2120.096452884859
379.76470880655546,825.6256243548112,895.4366059455087,2100.826939106875
486.58092580092006,851.35595713111,718.569181849338,2056.506064781368
368.0607922927619,247.1150151687111,129.47292664569883,744.6487341071719
184.69727360103323,544.3184622890901,971.780597781049,1700.7963336711723
543.2209028153743,899.5279956960474,154.00536017248442,1596.754258683906
128.92266246651462,240.27584746407044,863.057143344005,1232.25565327459
535.3303430264841,558.0563398244653,463.43964832990036,1556.8263311808498
494.36175517562185,324.77188049359455,18.886536599599953,838.0201722688163
306.4480759173349,87.33607149594879,707.8592466775359,1101.6433940908196
948.9011566001245,860.7419399475626,784.6213424000272,2594.264438947714
126.32033602823024,812.5008958655447,467.1937943045906,1406.0150261983656
282.1692712249204,484.3581315367836,924.9754291889175,1691.5028319506214
955.8319141340527,372.33862349195755,920.7062861224167,2248.876823748427
317.75692280292174,696.4206108357885,254.54614361293767,1268.7236772516478
658.4886051852287,984.4300658867255,815.7721495555872,2458.690820627541
463.9481222295348,641.9611982817669,987.7115290612564,2093.620849572558
559.6651329662764,177.285344281352,687.3655207778751,1424.3159980255034
637.7718962486125,506.19874128145915,293.7065667266914,1437.677204256763
423.38383662589877,706.9373633774838,91.19988940735358,1221.5210894107363
762.6087223147213,372.7698918273696,844.9212676878984,1980.2998818299893
762.6717482570326,196.5611261100195,901.8699054148352,1861.1027797818874
264.9346439873561,138.04073231986388,923.7409145335413,1326.7162908407613
600.7456404196862,818.4778494712759,794.3466385237092,2213.570128414671
670.0212819464467,901.1786272315544,11.004329609401744,1582.204238787403
927.0455659762358,234.5443749180273,811.846946575737,1973.4368874700003
91.52552122733661,180.68209272844746,284.77638766402947,556.9840016198135
438.1149127704226,392.0030629718372,416.35456911918885,1246.4725448614488
851.4632534495345,465.4420049200801,432.01451635963735,1748.919774729252
86.29995772977489,36.82726523974556,46.697808610137116,169.82503157965755
877.6434887257969,433.5721720032157,858.6798632643814,2169.895523993394
100.2193965281396,151.14748406239403,376.78935677775536,628.156237368289
643.244012649989,241.32743011113544,181.23733675740917,1065.8087795185336
487.22040638316395,440.0801052774748,875.294330033924,1802.5948416945625
145.78816338298947,334.28701607713117,949.8078420851381,1429.8830215452588
568.6060167905338,126.29724654559867,408.1871620726802,1103.0904254088127
906.575808168514,449.51270963263323,650.2767335003829,2006.36525130153
768.0647566167983,409.1743885685797,908.2045252851204,2085.4436704704985
928.957329509417,964.8097900754523,958.9035967348846,2852.670716319754
595.3936359294057,655.3520966699795,562.5361108315487,1813.2818434309338
78.74708626223233,804.5350881496414,448.0713321940577,1331.3535066059314
546.6088472836656,664.2496530086753,945.1737431351385,2156.0322434274794
73.80744130350867,754.2345782669979,983.0146623782092,1811.0566819487158
236.81497239039643,508.64657027976665,981.8436544129768,1727.3051970831398
651.1179641037762,198.5670802038185,41.81471445682806,891.4997587644227
915.6264077253952,454.8455382521191,151.50338307526985,1521.975329052784
410.1979148594831,506.85057013427337,320.4374918786234,1237.48597687238
188.27270194376283,8.546970863748674,147.9442842743207,344.7639570818322
565.8890003070404,728.5142896342146,434.0391633540603,1728.4424532953153
731.3133807295095,983.9612568220415,330.6667050180373,2045.9413425695884
45.61979320973217,307.12831101896234,489.1564122447775,841.9045164734721
92.70713113179316,58.954619833499585,696.3730447810514,848.0347957463441
477.24018061527966,150.88140930652554,597.6790124272912,1225.8006023490966
775.6975900294957,562.3666501751237,11.777481686022945,1349.8417218906422
118.04202071410471,146.34282828917245,392.72210367761994,657.1069526808972
528.9724508187684,892.2137279458232,340.65479069581704,1761.8409694604088
461.488959986613,545.8954022753263,387.35746003622984,1394.7418222981692
554.1140548908489,409.43788889306455,987.0614703324379,1950.6134141163514
232.20576844687326,607.459935953726,41.09258264668816,880.7582870472874
837.011772601416,475.41086690336994,46.387699407560184,1358.8103389123462
230.33802417893259,307.40236700117526,456.90030103308106,994.6406922131889
94.60654865705988,30.159565132750917,793.8186959658336,918.5848097556444
548.7012258506159,985.8945624010672,59.3574397631535,1593.9532280148367
243.83976108731255,453.50569741179794,82.31814996407249,779.663608463183
848.5125877306806,261.0308516820896,467.6382589408578,1577.1816983536278
564.0236580051368,241.7104361138651,415.579344881828,1221.31343900083
873.8105711132451,355.3689721163709,715.9117985191501,1945.0913417487661
644.8109032613592,250.89459769626873,659.5265337986701,1555.2320347562982
772.3424388881112,60.81021086579078,961.9634939160472,1795.1161436699492
554.8839082672303,132.4843560434843,267.4147731646164,954.783037475331
524.3974073432097,793.2489319184789,282.98809137047647,1600.634430632165
321.97003823275224,194.1833226802966,831.6815781289056,1347.8349390419544
240.9786525514782,341.41983592986185,154.07108553985665,736.4695740211968
53.360249272589684,139.93946733732236,945.3803097931005,1138.6800264030126
914.7743097629299,532.0665211452352,831.9286267968617,2278.769457705027
784.2323676182906,748.2049171742822,453.1772715689853,1985.6145563615582
335.58381393278233,880.2760809248202,39.863191834620935,1255.7230866922234
471.9400885725455,923.3429816011234,803.9384701946861,2199.221540368355
703.0247053400423,536.2923122941953,672.0417770979093,1911.3587947321469
298.8563298976619,762.2497502254646,126.80457292454233,1187.9106530476688
865.0504228255244,751.3862675758503,527.540689594217,2143.9773799955915
345.4840984443773,81.21159518268733,330.3299243627867,757.0256179898513
131.05811854256353,572.620586044836,316.50181443126394,1020.1805190186635
621.8826587134876,244.16388082279914,71.31179860809048,937.3583381443772
946.6754346268172,393.41403727804163,761.2198481074863,2101.309320012345
286.79608586911843,953.8051507939912,434.38234136676874,1674.9835780298783
476.355675008705,797.1371572255051,162.0769826281901,1435.5698148624003
238.1225912188222,88.24059660917537,983.4967203594991,1309.8599081874968
540.1191540537811,576.1858171401282,529.2602502057559,1645.5652213996652
904.5856714434137,96.4667533586932,724.0354299421886,1725.0878547442953
530.0421836547754,854.6935660311435,660.2094197718353,2044.9451694577542
658.4925340771518,229.93057150462067,816.3663695729545,1704.789475154727
489.81369912222283,143.11817635260508,164.8655552436356,797.7974307184635
339.4493762143359,226.992685353277,527.193232476863,1093.6352940444758
65.89999851727566,561.4712317577125,909.9464233814331,1537.3176536564213
858.5226374366385,99.34832602378795,569.985209261376,1527.8561727218025
727.7775211440604,45.26467539349846,940.776178915274,1713.818375452833
616.5910468825232,522.6805100215472,848.191837724861,1987.4633946289314
254.4659336086589,942.3383591261296,248.70101170750945,1445.505304442298
128.00177692961432,834.4744616348614,75.78074710737998,1038.2569856718558
106.41831270423768,999.91246560554,534.3024234984882,1640.6332018082658
454.74068919300754,265.96592894852637,941.0520890445055,1661.7587071860394
855.5343396065656,794.4837433701296,383.37558989313885,2033.3936728698338
40.39540140428083,533.3451102217772,927.9771009967394,1501.7176126227973
763.4909225223726,874.0038370413814,404.2392772182647,2041.7340367820188
77.55008495264924,644.1474153246069,827.38358829485,1549.0810885721062
327.954123183086,943.829801638207,477.9124287368183,1749.6963535581112
328.3431214488357,671.5735792006204,212.0082479731711,1211.9249486226272
118.98293935360849,160.57084052139484,971.1188731461898,1250.6726530211931
222.8143443540831,909.1112849357577,874.7649783083326,2006.6906075981733
44.15246948783091,604.8460812531075,736.6733135160185,1385.671864256957
57.2858237994734,95.90502723169168,122.8685238052474,276.0593748364125
986.8366255326747,586.533617741608,998.9702906771668,2572.3405339514493
801.3517633917144,263.41381668435605,763.4807216860577,1828.246301762128
436.7620454050374,348.5944225126794,146.86470869686767,932.2211766145845
961.9596383175733,760.2084762241532,343.0428161362415,2065.210930677968
97.96512949197339,40.35112221979406,574.0619280280687,712.3781797398361
876.7534685488419,70.32022675558599,733.8509587519485,1680.9246540563763
588.8116350764697,42.961248509199024,944.5928546828227,1576.3657382684914
